电影名字,别名,电影链接,导演,主演,年份,国家,类型,评分,星级,评价人数,评论
肖申克的救赎,The Shawshank Redemption,https://movie.douban.com/subject/1292052/,弗兰克·德拉邦特FrankDarabont,蒂姆·罗宾斯TimRobbins,1994,美国,犯罪剧情,9.7,4.5,2859537,希望让人自由。
霸王别姬,再见，我的妾,https://movie.douban.com/subject/1291546/,陈凯歌KaigeChen,张国荣LeslieCheung,1993,中国大陆中国香港,剧情爱情同性,9.6,4.5,2114260,风华绝代。
阿甘正传,Forrest Gump,https://movie.douban.com/subject/1292720/,罗伯特·泽米吉斯RobertZemeckis,汤姆·汉克斯TomHanks,1994,美国,剧情爱情,9.5,4.5,2134581,一部美国近现代史。
泰坦尼克号,Titanic,https://movie.douban.com/subject/1292722/,詹姆斯·卡梅隆JamesCameron,莱昂纳多·迪卡普里奥Leonardo,1997,美国墨西哥,剧情爱情灾难,9.5,4.5,2160624,失去的才是永恒的。 
这个杀手不太冷,Léon,https://movie.douban.com/subject/1295644/,吕克·贝松LucBesson,让·雷诺JeanReno,1994,法国美国,剧情动作犯罪,9.4,4.5,2271622,怪蜀黍和小萝莉不得不说的故事。
千与千寻,千と千尋の神隠し,https://movie.douban.com/subject/1291561/,宫崎骏HayaoMiyazaki,柊瑠美RumiHîragi,2001,日本,剧情动画奇幻,9.4,4.5,2215550,最好的宫崎骏，最好的久石让。 
美丽人生,La vita è bella,https://movie.douban.com/subject/1292063/,罗伯托·贝尼尼RobertoBenigni,罗伯托·贝尼尼RobertoBeni,1997,意大利,剧情喜剧爱情战争,9.6,4.5,1311388,最美的谎言。
辛德勒的名单,Schindler's List,https://movie.douban.com/subject/1295124/,史蒂文·斯皮尔伯格StevenSpielberg,连姆·尼森LiamNeeson,1993,美国,剧情历史战争,9.6,4.5,1092779,拯救一个人，就是拯救整个世界。
星际穿越,Interstellar,https://movie.douban.com/subject/1889243/,克里斯托弗·诺兰ChristopherNolan,马修·麦康纳MatthewMc,2014,美国英国加拿大,剧情科幻冒险,9.4,4.5,1805233,爱是一种力量，让我们超越时空感知它的存在。
盗梦空间,Inception,https://movie.douban.com/subject/3541415/,克里斯托弗·诺兰ChristopherNolan,莱昂纳多·迪卡普里奥Le,2010,美国英国,剧情科幻悬疑冒险,9.4,4.5,2036406,诺兰给了我们一场无法盗取的梦。
楚门的世界,The Truman Show,https://movie.douban.com/subject/1292064/,彼得·威尔PeterWeir,金·凯瑞JimCarrey,1998,美国,剧情科幻,9.4,4.5,1677657,如果再也不能见到你，祝你早安，午安，晚安。
忠犬八公的故事,Hachi: A Dog's Tale,https://movie.douban.com/subject/3011091/,莱塞·霍尔斯道姆LasseHallström,理查·基尔RichardGer,2009,美国英国,剧情,9.4,4.5,1385221,永远都不能忘记你所爱的人。
海上钢琴师,La leggenda del pianista sull'oceano,https://movie.douban.com/subject/1292001/,朱塞佩·托纳多雷GiuseppeTornatore,蒂姆·罗斯TimRoth,1998,意大利,剧情音乐,9.3,4.5,1658968,每个人都要走一条自己坚定了的路，就算是粉身碎骨。 
三傻大闹宝莱坞,3 Idiots,https://movie.douban.com/subject/3793023/,拉库马·希拉尼RajkumarHirani,阿米尔·汗AamirKhan,2009,印度,剧情喜剧爱情歌舞,9.2,4.5,1838768,英俊版憨豆，高情商版谢耳朵。
放牛班的春天,Les choristes,https://movie.douban.com/subject/1291549/,克里斯托夫·巴拉蒂ChristopheBarratier,让-巴蒂斯特·莫尼,2004,法国瑞士德国,剧情音乐,9.3,4.5,1295450,天籁一般的童声，是最接近上帝的存在。 
机器人总动员,WALL·E,https://movie.douban.com/subject/2131459/,安德鲁·斯坦顿AndrewStanton,本·贝尔特BenBurtt,2008,美国,科幻动画冒险,9.3,4.5,1300951,小瓦力，大人生。
无间道,無間道,https://movie.douban.com/subject/1307914/,刘伟强/麦兆辉,刘德华AndyLau,2002,中国香港,剧情犯罪惊悚,9.3,4.5,1344548,香港电影史上永不过时的杰作。
疯狂动物城,Zootopia,https://movie.douban.com/subject/25662329/,拜伦·霍华德ByronHoward/瑞奇·摩尔RichMoore,金妮弗·,2016,美国,喜剧动画冒险,9.2,4.5,1904504,迪士尼给我们营造的乌托邦就是这样，永远善良勇敢，永远出乎意料。
控方证人,Witness for the Prosecution,https://movie.douban.com/subject/1296141/,比利·怀尔德BillyWilder,泰隆·鲍华TyronePower,1957,美国,剧情犯罪悬疑,9.6,4.5,543390,比利·怀德满分作品。
大话西游之大圣娶亲,西遊記大結局之仙履奇緣,https://movie.douban.com/subject/1292213/,刘镇伟JeffreyLau,周星驰StephenChow,1995,中国香港中国大陆,喜剧爱情奇幻古装,9.2,4.5,1516093,一生所爱。
熔炉,도가니,https://movie.douban.com/subject/5912992/,黄东赫Dong-hyukHwang,孔侑YooGong,2011,韩国,剧情,9.4,4.5,921315,我们一路奋战不是为了改变世界，而是为了不让世界改变我们。
教父,The Godfather,https://movie.douban.com/subject/1291841/,弗朗西斯·福特·科波拉FrancisFordCoppola,马龙·白兰度M,1972,美国,剧情犯罪,9.3,4.5,953622,千万不要记恨你的对手，这样会让你失去理智。
触不可及,Intouchables,https://movie.douban.com/subject/6786002/,奥利维·那卡什OlivierNakache/艾力克·托兰达EricToledano,无,2011,法国,剧情喜剧,9.3,4.5,1097233,满满温情的高雅喜剧。
当幸福来敲门,The Pursuit of Happyness,https://movie.douban.com/subject/1849031/,加布里尔·穆奇诺GabrieleMuccino,威尔·史密斯WillSmith,2006,美国,剧情传记家庭,9.2,4.5,1502205,平民励志片。 
怦然心动,Flipped,https://movie.douban.com/subject/3319755/,罗伯·莱纳RobReiner,玛德琳·卡罗尔MadelineCarroll,2010,美国,剧情喜剧爱情,9.1,4.5,1811089,真正的幸福是来自内心深处。
龙猫,となりのトトロ,https://movie.douban.com/subject/1291560/,宫崎骏HayaoMiyazaki,日高法子NorikoHidaka,1988,日本,动画奇幻冒险,9.2,4.5,1250551,人人心中都有个龙猫，童年就永远不会消失。
末代皇帝,The Last Emperor,https://movie.douban.com/subject/1293172/,贝纳尔多·贝托鲁奇BernardoBertolucci,尊龙JohnLone,1987,英国意大利中国大陆法国,剧情传记历史,9.3,4.5,868702,“不要跟我比惨，我比你更惨”再适合这部电影不过了。
寻梦环游记,Coco,https://movie.douban.com/subject/20495023/,李·昂克里奇LeeUnkrich/阿德里安·莫利纳AdrianMolina,,2017,美国,喜剧动画奇幻音乐,9.1,4.5,1652765,死亡不是真的逝去，遗忘才是永恒的消亡。
活着,人生,https://movie.douban.com/subject/1292365/,张艺谋YimouZhang,葛优YouGe,1994,中国大陆中国香港,剧情历史家庭,9.3,4.5,832367,张艺谋最好的电影。
蝙蝠侠：黑暗骑士,The Dark Knight,https://movie.douban.com/subject/1851857/,克里斯托弗·诺兰ChristopherNolan,克里斯蒂安·贝尔Christ,2008,美国英国,剧情动作科幻犯罪惊悚,9.2,4.5,1042278,无尽的黑暗。
哈利·波特与魔法石,Harry Potter and the Sorcerer's Stone,https://movie.douban.com/subject/1295038/,ChrisColumbus,DanielRadcliffe,2001,美国英国,奇幻冒险,9.2,4.5,1170825,童话世界的开端。
指环王3：王者无敌,The Lord of the Rings: The Return of the King,https://movie.douban.com/subject/1291552/,彼得·杰克逊PeterJackson,伊利亚·伍德ElijahWood,2003,美国新西兰,剧情动作奇幻冒险,9.3,4.5,792482,史诗的终章。
乱世佳人,Gone with the Wind,https://movie.douban.com/subject/1300267/,维克多·弗莱明VictorFleming/乔治·库克GeorgeCukor,费,1939,美国,剧情历史爱情战争,9.3,4.5,682181,Tomorrow is another day.
我不是药神,中国药神,https://movie.douban.com/subject/26752088/,文牧野MuyeWen,徐峥ZhengXu,2018,中国大陆,剧情喜剧,9.0,4.5,2075245,对我们国家而言，这样的电影多一部是一部。
素媛,소원,https://movie.douban.com/subject/21937452/,李濬益Jun-ikLee,薛景求Kyung-guSol,2013,韩国,剧情,9.3,4.5,677983,受过伤害的人总是笑得最开心，因为他们不愿意让身边的人承受一样的痛苦。
飞屋环游记,Up,https://movie.douban.com/subject/2129039/,彼特·道格特PeteDocter/鲍勃·彼德森BobPeterson,爱德,2009,美国,剧情喜剧动画冒险,9.1,4.5,1307631,最后那些最无聊的事情，才是最值得怀念的。 
哈尔的移动城堡,ハウルの動く城,https://movie.douban.com/subject/1308807/,宫崎骏HayaoMiyazaki,倍赏千惠子ChiekoBaishô,2004,日本,动画奇幻冒险,9.1,4.5,1008833,带着心爱的人在天空飞翔。
十二怒汉,12 Angry Men,https://movie.douban.com/subject/1293182/,SidneyLumet,亨利·方达HenryFonda,1957,美国,剧情,9.4,4.5,482596,1957年的理想主义。 
何以为家,كفرناحوم,https://movie.douban.com/subject/30170448/,娜丁·拉巴基NadineLabaki,扎因·拉费阿Zainal-Rafeea,2018,黎巴嫩美国法国塞浦路斯卡塔尔英国,剧情,9.1,4.5,1031697,凝视卑弱生命，用电影改变命运。
摔跤吧！爸爸,Dangal,https://movie.douban.com/subject/26387939/,涅提·蒂瓦里NiteshTiwari,阿米尔·汗AamirKhan,2016,印度,剧情传记运动家庭,9.0,4.5,1551732,你不是在为你一个人战斗，你要让千千万万的女性看到女生并不是只能相夫教子。
让子弹飞,让子弹飞一会儿,https://movie.douban.com/subject/3742360/,姜文WenJiang,姜文WenJiang,2010,中国大陆中国香港,剧情喜剧动作西部,9.0,4.5,1677340,你给我翻译翻译，神马叫做TMD的惊喜。
鬼子来了,Devils on the Doorstep,https://movie.douban.com/subject/1291858/,姜文WenJiang,姜文WenJiang,2000,中国大陆,剧情喜剧,9.3,4.5,618592,对敌人的仁慈，就是对自己残忍。
猫鼠游戏,Catch Me If You Can,https://movie.douban.com/subject/1305487/,史蒂文·斯皮尔伯格StevenSpielberg,莱昂纳多·迪卡普里奥L,2002,美国加拿大,传记犯罪剧情,9.1,4.5,1006706,骗子大师和执著警探的你追我跑故事。 
少年派的奇幻漂流,Life of Pi,https://movie.douban.com/subject/1929463/,李安AngLee,苏拉·沙玛SurajSharma,2012,美国中国台湾英国加拿大,剧情奇幻冒险,9.1,4.5,1334901,瑰丽壮观、无人能及的冒险之旅。
海蒂和爷爷,Heidi,https://movie.douban.com/subject/25958717/,阿兰·葛斯彭纳AlainGsponer,阿努克·斯特芬AnukSteffen,2015,德国瑞士,剧情冒险家庭,9.3,4.5,597548,如果生活中有什么使你感到快乐，那就去做吧！不要管别人说什么。
钢琴家,The Pianist,https://movie.douban.com/subject/1296736/,罗曼·波兰斯基RomanPolanski,艾德里安·布洛迪AdrienBrod,2002,英国法国波兰德国,剧情传记战争音乐,9.3,4.5,627650,音乐能化解仇恨。
大话西游之月光宝盒,西遊記第壹佰零壹回之月光寶盒,https://movie.douban.com/subject/1299398/,刘镇伟JeffreyLau,周星驰StephenChow,1995,中国香港中国大陆,喜剧爱情奇幻古装,9.0,4.5,1207244,旷古烁今。
天空之城,天空の城ラピュタ,https://movie.douban.com/subject/1291583/,宫崎骏HayaoMiyazaki,田中真弓MayumiTanaka,1986,日本,动画奇幻冒险,9.2,4.5,810895,对天空的追逐，永不停止。 
指环王2：双塔奇兵,The Lord of the Rings: The Two Towers,https://movie.douban.com/subject/1291572/,彼得·杰克逊PeterJackson,伊利亚·伍德ElijahWood,2002,美国新西兰,剧情动作奇幻冒险,9.2,4.5,742550,承前启后的史诗篇章。
闻香识女人,Scent of a Woman,https://movie.douban.com/subject/1298624/,马丁·布莱斯MartinBrest,阿尔·帕西诺AlPacino,1992,美国,剧情,9.1,4.5,871569,史上最美的探戈。
罗马假日,Roman Holiday,https://movie.douban.com/subject/1293839/,威廉·惠勒WilliamWyler,奥黛丽·赫本AudreyHepburn,1953,美国,喜剧剧情爱情,9.1,4.5,939282,爱情哪怕只有一天。
天堂电影院,Nuovo Cinema Paradiso,https://movie.douban.com/subject/1291828/,朱塞佩·托纳多雷GiuseppeTornatore,菲利普·努瓦雷Philipp,1988,意大利法国,剧情爱情,9.2,4.5,672705,那些吻戏，那些青春，都在影院的黑暗里被泪水冲刷得无比清晰。
死亡诗社,Dead Poets Society,https://movie.douban.com/subject/1291548/,彼得·威尔PeterWeir,罗宾·威廉姆斯RobinWilliams,1989,美国,剧情,9.2,4.5,713552,当一个死水般的体制内出现一个活跃的变数时，所有的腐臭都站在了光明的对面。
绿皮书,Green Book,https://movie.douban.com/subject/27060077/,彼得·法雷里PeterFarrelly,维果·莫腾森ViggoMortensen,2018,美国中国大陆,剧情喜剧传记音乐,8.9,4.0,1625269,去除成见，需要勇气。
大闹天宫,大闹天宫 上下集,https://movie.douban.com/subject/1418019/,万籁鸣LaimingWan,邱岳峰YuefengQiu,1961(中国大陆),1964(中国大陆),1978(中国大陆),9.4,4.5,430469,经典之作，历久弥新。
指环王1：护戒使者,The Lord of the Rings: The Fellowship of the Ring,https://movie.douban.com/subject/1291571/,彼得·杰克逊PeterJackson,伊利亚·伍德ElijahWood,2001,新西兰美国,剧情动作奇幻冒险,9.1,4.5,835461,传说的开始。
黑客帝国,The Matrix,https://movie.douban.com/subject/1291843/,安迪·沃卓斯基AndyWachowski/拉娜·沃卓斯基LanaWachowski,无,1999,美国,动作科幻,9.1,4.5,827658,视觉革命。
教父2,The Godfather: Part II,https://movie.douban.com/subject/1299131/,弗朗西斯·福特·科波拉FrancisFordCoppola,阿尔·帕西诺A,1974,美国,剧情犯罪,9.3,4.5,544342,优雅的孤独。
狮子王,The Lion King,https://movie.douban.com/subject/1301753/,RogerAllers/罗伯·明可夫RobMinkoff,乔纳森·泰勒·托马,1994,美国,动画冒险歌舞,9.1,4.5,827439,动物版《哈姆雷特》。
辩护人,변호인,https://movie.douban.com/subject/21937445/,杨宇硕Woo-seokYang,宋康昊Kang-hoSong,2013,韩国,剧情,9.2,4.5,582902,电影的现实意义大过电影本身。
饮食男女,飲食男女,https://movie.douban.com/subject/1291818/,李安AngLee,郎雄SihungLung,1994,中国台湾美国,剧情家庭,9.2,4.5,612617,人生不能像做菜，把所有的料都准备好了才下锅。
搏击俱乐部,Fight Club,https://movie.douban.com/subject/1292000/,大卫·芬奇DavidFincher,爱德华·诺顿EdwardNorton,1999,美国,剧情动作悬疑惊悚,9.0,4.5,835978,邪恶与平庸蛰伏于同一个母体，在特定的时间互相对峙。
美丽心灵,A Beautiful Mind,https://movie.douban.com/subject/1306029/,朗·霍华德RonHoward,罗素·克劳RussellCrowe,2001,美国,传记剧情,9.1,4.5,760167,爱是一切逻辑和原由。
本杰明·巴顿奇事,The Curious Case of Benjamin Button,https://movie.douban.com/subject/1485260/,大卫·芬奇DavidFincher,凯特·布兰切特CateBlanchett,2008,美国,剧情爱情奇幻,9.0,4.5,970426,在时间之河里感受溺水之苦。
穿条纹睡衣的男孩,The Boy in the Striped Pajamas,https://movie.douban.com/subject/3008247/,马克·赫尔曼MarkHerman,阿萨·巴特菲尔德AsaButterfield,2008,英国美国,剧情战争,9.2,4.5,555825,尽管有些不切实际的幻想，这部电影依旧是一部感人肺腑的佳作。
窃听风暴,Das Leben der Anderen,https://movie.douban.com/subject/1900841/,弗洛里安·亨克尔·冯·多纳斯马尔克FlorianHenckelvonDonnersmarck&n...+2006/德国/剧情悬疑,无,2006,德国,剧情悬疑,9.2,4.5,557893,别样人生。
情书,Love Letter,https://movie.douban.com/subject/1292220/,岩井俊二ShunjiIwai,中山美穗MihoNakayama,1995,日本,剧情爱情,8.9,4.0,1097169,暗恋的极致。
两杆大烟枪,"Lock, Stock and Two Smoking Barrels",https://movie.douban.com/subject/1293350/,GuyRitchie,JasonFlemyng,1998,英国,剧情喜剧犯罪,9.1,4.5,588633,4个臭皮匠顶个诸葛亮，盖·里奇果然不是盖的。
西西里的美丽传说,Malèna,https://movie.douban.com/subject/1292402/,朱塞佩·托纳多雷GiuseppeTornatore,莫妮卡·贝鲁奇Monica,2000,意大利美国,剧情战争情色,8.9,4.0,963902,美丽无罪。
音乐之声,The Sound of Music,https://movie.douban.com/subject/1294408/,罗伯特·怀斯RobertWise,朱莉·安德鲁斯JulieAndrews,1965,美国,剧情传记爱情歌舞,9.1,4.5,593794,用音乐化解仇恨，让歌声串起美好。
看不见的客人,Contratiempo,https://movie.douban.com/subject/26580232/,奥里奥尔·保罗OriolPaulo,马里奥·卡萨斯MarioCasas,2016,西班牙,剧情犯罪悬疑惊悚,8.8,4.0,1240371,你以为你以为的就是你以为的。
阿凡达,Avatar,https://movie.douban.com/subject/1652587/,詹姆斯·卡梅隆JamesCameron,萨姆·沃辛顿SamWorthington,2009,美国,动作科幻冒险,8.8,4.0,1404773,绝对意义上的美轮美奂。
拯救大兵瑞恩,Saving Private Ryan,https://movie.douban.com/subject/1292849/,史蒂文·斯皮尔伯格StevenSpielberg,汤姆·汉克斯TomHanks,1998,美国,剧情战争,9.1,4.5,638880,美利坚精神输出大片No1.
小鞋子,بچه های آسمان,https://movie.douban.com/subject/1303021/,马基德·马基迪MajidMajidi,默罕默德·阿米尔·纳吉Mohamma,1997,伊朗,剧情儿童家庭,9.2,4.5,406002,奔跑的孩子是天使。
飞越疯人院,One Flew Over the Cuckoo's Nest,https://movie.douban.com/subject/1292224/,米洛斯·福尔曼MilošForman,杰克·尼科尔森JackNichols,1975,美国,剧情,9.1,4.5,540201,自由万岁。
哈利·波特与死亡圣器(下),Harry Potter and the Deathly Hallows: Part 2,https://movie.douban.com/subject/3011235/,大卫·叶茨DavidYates,丹尼尔·雷德克里夫DanielRadcliffe,2011,美国英国,奇幻冒险,9.0,4.5,818382,10年的完美句点。
沉默的羔羊,The Silence of the Lambs,https://movie.douban.com/subject/1293544/,乔纳森·戴米JonathanDemme,朱迪·福斯特JodieFoster,1991,美国,剧情犯罪惊悚,8.9,4.0,876348,安东尼·霍普金斯的顶级表演。
布达佩斯大饭店,The Grand Budapest Hotel,https://movie.douban.com/subject/11525673/,韦斯·安德森WesAnderson,拉尔夫·费因斯RalphFiennes,2014,美国德国英国,剧情喜剧冒险,8.9,4.0,916870,小清新的故事里注入了大历史的情怀。
禁闭岛,Shutter Island,https://movie.douban.com/subject/2334904/,MartinScorsese,莱昂纳多·迪卡普里奥LeonardoDiCaprio,2010,美国,剧情悬疑惊悚,8.9,4.0,960939,昔日翩翩少年，今日大腹便便。
蝴蝶效应,The Butterfly Effect,https://movie.douban.com/subject/1292343/,埃里克·布雷斯EricBress/J·麦基·格鲁伯J.MackyeGruber,无,2004,美国加拿大,剧情悬疑科幻惊悚,8.9,4.0,924457,人的命运被自己瞬间的抉择改变。
致命魔术,The Prestige,https://movie.douban.com/subject/1780330/,克里斯托弗·诺兰ChristopherNolan,休·杰克曼HughJackman,2006,英国美国,剧情悬疑惊悚,8.9,4.0,845317,孪生蝙蝠侠大战克隆金刚狼。
功夫,功夫3D,https://movie.douban.com/subject/1291543/,周星驰StephenChow,周星驰StephenChow,2004,中国大陆中国香港,动作喜剧犯罪奇幻,8.8,4.0,1110150,警恶惩奸，维护世界和平这个任务就交给你了，好吗？
心灵捕手,Good Will Hunting,https://movie.douban.com/subject/1292656/,格斯·范·桑特GusVanSant,马特·达蒙MattDamon,1997,美国,剧情,8.9,4.0,702600,人生中应该拥有这样的一段豁然开朗。
海豚湾,The Cove,https://movie.douban.com/subject/3442220/,路易·西霍尤斯LouiePsihoyos,RichardO'Barry,2009,美国,纪录片,9.3,4.5,354212,海豚的微笑，是世界上最高明的伪装。
哈利·波特与阿兹卡班的囚徒,Harry Potter and the Prisoner of Azkaban,https://movie.douban.com/subject/1291544/,AlfonsoCuarón,丹尼尔·雷德克里夫DanielRadcliffe,2004,英国美国,奇幻冒险,8.9,4.0,714787,不一样的导演，不一样的哈利·波特。
低俗小说,Pulp Fiction,https://movie.douban.com/subject/1291832/,昆汀·塔伦蒂诺QuentinTarantino,约翰·特拉沃尔塔JohnTra,1994,美国,剧情喜剧犯罪,8.9,4.0,823391,故事的高级讲法。
春光乍泄,春光乍洩,https://movie.douban.com/subject/1292679/,王家卫KarWaiWong,张国荣LeslieCheung,1997,中国香港日本韩国,剧情爱情同性,9.0,4.5,624866,爱情纠缠，男女一致。
美国往事,Once Upon a Time in America,https://movie.douban.com/subject/1292262/,赛尔乔·莱翁内SergioLeone,罗伯特·德尼罗RobertDeNiro,1984,美国意大利,犯罪剧情,9.2,4.5,406671,往事如烟，无处祭奠。
摩登时代,Modern Times,https://movie.douban.com/subject/1294371/,查理·卓别林CharlesChaplin,查理·卓别林CharlesChaplin,1936,美国,剧情喜剧爱情,9.3,4.5,296457,大时代中的人生，小人物的悲喜。
超脱,Detachment,https://movie.douban.com/subject/5322596/,托尼·凯耶TonyKaye,艾德里安·布洛迪AdrienBrody,2011,美国,剧情,9.0,4.5,587455,穷尽一生，我们要学会的，不过是彼此拥抱。
喜剧之王,喜劇之王,https://movie.douban.com/subject/1302425/,周星驰StephenChow/李力持Lik-ChiLee,周星驰StephenCh,1999,中国香港,喜剧剧情爱情,8.8,4.0,957129,我是一个演员。
致命ID,Identity,https://movie.douban.com/subject/1297192/,詹姆斯·曼高德JamesMangold,约翰·库萨克JohnCusack,2003,美国,剧情悬疑惊悚,8.9,4.0,811785,最不可能的那个人永远是最可能的。
杀人回忆,살인의 추억,https://movie.douban.com/subject/1300299/,奉俊昊Joon-hoBong,宋康昊Kang-hoSong,2003,韩国,剧情动作犯罪悬疑惊悚,8.9,4.0,701859,关于连环杀人悬案的集体回忆。
七宗罪,Se7en,https://movie.douban.com/subject/1292223/,大卫·芬奇DavidFincher,摩根·弗里曼MorganFreeman,1995,美国,剧情犯罪悬疑惊悚,8.8,4.0,932010,警察抓小偷，老鼠玩死猫。
红辣椒,パプリカ,https://movie.douban.com/subject/1865703/,今敏SatoshiKon,林原惠美MegumiHayashibara,2006,日本,动画悬疑科幻惊悚,9.1,4.5,455412,梦的勾结。
加勒比海盗,Pirates of the Caribbean: The Curse of the Black Pearl,https://movie.douban.com/subject/1298070/,戈尔·维宾斯基GoreVerbinski,约翰尼·德普JohnnyDepp,2003,美国,动作冒险奇幻,8.8,4.0,846151,约翰尼·德普的独角戏。
哈利·波特与密室,Harry Potter and the Chamber of Secrets,https://movie.douban.com/subject/1296996/,ChrisColumbus,丹尼尔·雷德克里夫DanielRadcliffe,2002,英国美国,奇幻冒险,8.8,4.0,742253,魔法的密室之门已打开...
狩猎,Jagten,https://movie.douban.com/subject/6985810/,托马斯·温特伯格ThomasVinterberg,麦斯·米科尔森MadsMik,2012,丹麦瑞典,剧情,9.1,4.5,383888,人言可畏。
一一,Yi yi,https://movie.douban.com/subject/1292434/,杨德昌EdwardYang,吴念真,2000,中国台湾日本,剧情爱情家庭,9.1,4.5,385957,我们都曾经是一一。
7号房的礼物,7번방의 선물,https://movie.douban.com/subject/10777687/,李焕庆Hwan-kyeongLee,柳承龙Seung-yongRyoo,2013,韩国,剧情喜剧家庭,8.9,4.0,550538,《我是山姆》的《美丽人生》。
被嫌弃的松子的一生,嫌われ松子の一生,https://movie.douban.com/subject/1787291/,中岛哲也TetsuyaNakashima,中谷美纪MikiNakatani,2006,日本,剧情歌舞,8.9,4.0,696395,以戏谑来戏谑戏谑。
唐伯虎点秋香,唐伯虎點秋香,https://movie.douban.com/subject/1306249/,李力持Lik-ChiLee,周星驰StephenChow,1993,中国香港,喜剧爱情古装,8.7,4.0,1064217,华太师是黄霑，吴镇宇四大才子之一。
请以你的名字呼唤我,Call Me by Your Name,https://movie.douban.com/subject/26799731/,卢卡·瓜达尼诺LucaGuadagnino,艾米·汉莫ArmieHammer,2017,意大利法国巴西美国,剧情爱情同性,8.9,4.0,711902,沉醉在电影的情感和视听氛围中无法自拔。
断背山,Brokeback Mountain,https://movie.douban.com/subject/1418834/,李安AngLee,希斯·莱杰HeathLedger,2005,美国加拿大,剧情爱情同性家庭,8.8,4.0,700122,每个人心中都有一座断背山。
剪刀手爱德华,Edward Scissorhands,https://movie.douban.com/subject/1292370/,蒂姆·波顿TimBurton,约翰尼·德普JohnnyDepp,1990,美国,剧情奇幻爱情,8.7,4.0,1024518,浪漫忧郁的成人童话。
入殓师,おくりびと,https://movie.douban.com/subject/2149806/,泷田洋二郎YôjirôTakita,本木雅弘MasahiroMotoki,2008,日本,剧情,8.9,4.0,656709,死可能是一道门，逝去并不是终结，而是超越，走向下一程。
爱在黎明破晓前,Before Sunrise,https://movie.douban.com/subject/1296339/,理查德·林克莱特RichardLinklater,伊桑·霍克EthanHawke,1995,美国奥地利瑞士,剧情爱情,8.8,4.0,672050,缘分是个连绵词，最美不过一瞬。
勇敢的心,Braveheart,https://movie.douban.com/subject/1294639/,梅尔·吉布森MelGibson,梅尔·吉布森MelGibson,1995,美国,动作传记剧情历史战争,8.9,4.0,554376,史诗大片的典范。
第六感,The Sixth Sense,https://movie.douban.com/subject/1297630/,M·奈特·沙马兰M.NightShyamalan,布鲁斯·威利斯BruceWi,1999,美国,剧情悬疑惊悚,8.9,4.0,548705,深入内心的恐怖，出人意料的结局。
重庆森林,重慶森林,https://movie.douban.com/subject/1291999/,王家卫KarWaiWong,林青霞BrigitteLin,1994,中国香港,剧情爱情,8.8,4.0,799722,寂寞没有期限。
蝙蝠侠：黑暗骑士崛起,The Dark Knight Rises,https://movie.douban.com/subject/3395373/,克里斯托弗·诺兰ChristopherNolan,克里斯蒂安·贝尔Christ,2012,美国英国,剧情动作科幻犯罪惊悚,8.8,4.0,709293,诺兰就是保证。
幽灵公主,もののけ姫,https://movie.douban.com/subject/1297359/,宫崎骏HayaoMiyazaki,松田洋治YôjiMatsuda,1997,日本,动画奇幻冒险,8.9,4.0,516803,人与自然的战争史诗。
超能陆战队,Big Hero 6,https://movie.douban.com/subject/11026735/,唐·霍尔DonHall/克里斯·威廉姆斯ChrisWilliams,斯科特,2014,美国,喜剧动作科幻动画冒险,8.7,4.0,997790,Balalala~~~
爱在日落黄昏时,Before Sunset,https://movie.douban.com/subject/1291990/,理查德·林克莱特RichardLinklater,伊桑·霍克EthanHawke,2004,美国法国,剧情爱情,8.9,4.0,551425,九年后的重逢是世俗和责任的交叠，没了悸动和青涩，沧桑而温暖。
菊次郎的夏天,菊次郎の夏,https://movie.douban.com/subject/1293359/,北野武TakeshiKitano,北野武TakeshiKitano,1999,日本,剧情喜剧,8.9,4.0,587770,从没见过那么流氓的温柔，从没见过那么温柔的流氓。
甜蜜蜜,Comrades: Almost a Love Story,https://movie.douban.com/subject/1305164/,陈可辛PeterChan,黎明LeonLai,1996,中国香港,剧情爱情,8.9,4.0,542788,相逢只要一瞬间，等待却像是一辈子。
天使爱美丽,Le fabuleux destin d'Amélie Poulain,https://movie.douban.com/subject/1292215/,让-皮埃尔·热内Jean-PierreJeunet,奥黛丽·塔图AudreyTau,2001,法国德国,剧情喜剧爱情,8.7,4.0,948376,法式小清新。 
阳光灿烂的日子,In the Heat of the Sun,https://movie.douban.com/subject/1291875/,姜文WenJiang,夏雨YuXia,1994,中国大陆中国香港,剧情爱情,8.9,4.0,607299,一场华丽的意淫。
小森林 夏秋篇,リトル・フォレスト 夏・秋,https://movie.douban.com/subject/25814705/,森淳一JunichiMori,桥本爱AiHashimoto,2014,日本,剧情,9.0,4.5,420643,那些静得只能听见呼吸的日子里，你明白孤独即生活。
借东西的小人阿莉埃蒂,借りぐらしのアリエッティ,https://movie.douban.com/subject/4202302/,米林宏昌HiromasaYonebayashi,志田未来MiraiShida,2010,日本,动画奇幻冒险,8.9,4.0,545425,曾经的那段美好会沉淀为一辈子的记忆。
完美的世界,A Perfect World,https://movie.douban.com/subject/1300992/,克林特·伊斯特伍德ClintEastwood,凯文·科斯特纳KevinCos,1993,美国,剧情犯罪,9.1,4.5,310460,坏人的好总是比好人的好来得更感人。
无人知晓,誰も知らない,https://movie.douban.com/subject/1292337/,是枝裕和HirokazuKoreeda,柳乐优弥YûyaYagira,2004,日本,剧情,9.1,4.5,314403,我的平常生活就是他人的幸福。
消失的爱人,Gone Girl,https://movie.douban.com/subject/21318488/,大卫·芬奇DavidFincher,本·阿弗莱克BenAffleck,2014,美国,剧情犯罪悬疑惊悚,8.7,4.0,921094,年度最佳date movie。
倩女幽魂,倩女幽魂(87版),https://movie.douban.com/subject/1297447/,程小东Siu-TungChing,张国荣LeslieCheung,1987,中国香港,爱情奇幻武侠古装,8.8,4.0,728103,两张绝世的脸。 
寄生虫,기생충,https://movie.douban.com/subject/27010768/,奉俊昊Joon-hoBong,宋康昊Kang-hoSong,2019,韩国,剧情,8.8,4.0,1351749,无
时空恋旅人,About Time,https://movie.douban.com/subject/10577869/,理查德·柯蒂斯RichardCurtis,多姆纳尔·格里森DomhnallGl,2013,英国,喜剧爱情奇幻,8.8,4.0,657062,把每天当作最后一天般珍惜度过，积极拥抱生活，就是幸福。
侧耳倾听,耳をすませば,https://movie.douban.com/subject/1297052/,近藤喜文YoshifumiKondo,本名阳子YoukoHonna,1995,日本,剧情爱情动画,8.9,4.0,456185,少女情怀总是诗。
小森林 冬春篇,リトル・フォレスト 冬・春,https://movie.douban.com/subject/25814707/,森淳一JunichiMori,桥本爱AiHashimoto,2015,日本,剧情,9.0,4.5,375518,尊敬他人，尊敬你生活的这片土地，明白孤独是人生的常态。
幸福终点站,The Terminal,https://movie.douban.com/subject/1292274/,史蒂文·斯皮尔伯格StevenSpielberg,汤姆·汉克斯TomHanks,2004,美国,喜剧剧情爱情,8.8,4.0,561773,有时候幸福需要等一等。 
驯龙高手,How to Train Your Dragon,https://movie.douban.com/subject/2353023/,迪恩·德布洛斯DeanDeBlois/克里斯·桑德斯ChrisSanders,,2010,美国,动画奇幻冒险,8.8,4.0,746493,和谐的生活离不开摸头与被摸头。
教父3,The Godfather: Part III,https://movie.douban.com/subject/1294240/,弗朗西斯·福特·科波拉FrancisFordCoppola,阿尔·帕西诺A,1990,美国,剧情犯罪,9.0,4.5,368461,任何信念的力量，都无法改变命运。
一个叫欧维的男人决定去死,En man som heter Ove,https://movie.douban.com/subject/26628357/,汉内斯·赫尔姆HannesHolm,罗夫·拉斯加德RolfLassgård,2015,瑞典,剧情,8.9,4.0,471609,惠及一生的美丽。
未麻的部屋,Perfect Blue,https://movie.douban.com/subject/1395091/,今敏SatoshiKon,岩男润子JunkoIwao,1997,日本,动画奇幻惊悚,9.1,4.5,326138,好的剧本是，就算你猜到了结局也猜不到全部。
萤火之森,蛍火の杜へ,https://movie.douban.com/subject/5989818/,大森贵弘TakahiroOmori,佐仓绫音AyaneSakura,2011,日本,剧情爱情动画奇幻,8.9,4.0,530610,触不到的恋人。
怪兽电力公司,"Monsters, Inc.",https://movie.douban.com/subject/1291579/,彼特·道格特PeteDocter/大卫·斯沃曼DavidSilverman,约,2001,美国,儿童喜剧动画奇幻冒险,8.8,4.0,659775,不要给它起名字，起了名字就有感情了。
哈利·波特与火焰杯,Harry Potter and the Goblet of Fire,https://movie.douban.com/subject/1309055/,迈克·内威尔MikeNewell,丹尼尔·雷德克里夫DanielRadclif,2005,英国美国,悬疑奇幻冒险,8.8,4.0,647312,无
玩具总动员3,Toy Story 3,https://movie.douban.com/subject/1858711/,李·昂克里奇LeeUnkrich,汤姆·汉克斯TomHanks,2010,美国,喜剧动画奇幻冒险,8.9,4.0,507243,跨度十五年的欢乐与泪水。
傲慢与偏见,Pride & Prejudice,https://movie.douban.com/subject/1418200/,乔·怀特JoeWright,凯拉·奈特莉KeiraKnightley,2005,法国英国美国,剧情爱情,8.7,4.0,787676,爱是摈弃傲慢与偏见之后的曙光。
新世界,신세계,https://movie.douban.com/subject/10437779/,朴勋政Hoon-jungPark,李政宰Jung-JaeLee,2013,韩国,剧情犯罪,8.9,4.0,425326,要做就做得狠一点，这样才能活下去。
釜山行,부산행,https://movie.douban.com/subject/25986180/,延尚昊Sang-hoYeon,孔侑YooGong,2016,韩国,动作惊悚灾难,8.6,4.0,1183438,揭露人性的丧尸题材力作。
神偷奶爸,Despicable Me,https://movie.douban.com/subject/3287562/,皮艾尔·柯芬PierreCoffin/克里斯·雷纳德ChrisRenaud,,2010,美国法国,喜剧动画冒险,8.7,4.0,936590,Mr. I Don't Care其实也有Care的时候。
被解救的姜戈,Django Unchained,https://movie.douban.com/subject/6307447/,昆汀·塔伦蒂诺QuentinTarantino,杰米·福克斯JamieFoxx,2012,美国,剧情动作西部冒险,8.8,4.0,600852,热血沸腾，那个低俗、性感的无耻混蛋又来了。
玛丽和马克思,Mary and Max,https://movie.douban.com/subject/3072124/,亚当·艾略特AdamElliot,托妮·科莱特ToniCollette,2009,澳大利亚美国,剧情喜剧动画,9.0,4.5,418536,你是我最好的朋友，你是我唯一的朋友 。
告白,自白,https://movie.douban.com/subject/4268598/,中岛哲也TetsuyaNakashima,松隆子TakakoMatsu,2010,日本,剧情悬疑,8.8,4.0,665112,没有一人完全善，也没有一人完全恶。
大鱼,Big Fish,https://movie.douban.com/subject/1291545/,蒂姆·波顿TimBurton,伊万·麦克格雷格EwanMcGregor,2003,美国,剧情家庭奇幻冒险,8.8,4.0,562579,抱着梦想而活着的人是幸福的，怀抱梦想而死去的人是不朽的。
哪吒闹海,Prince Nezha's Triumph Against Dragon King,https://movie.douban.com/subject/1307315/,王树忱ShuchenWang/严定宪DingxianYan,梁正晖Zhenghui,1979,中国大陆,冒险动画奇幻,9.2,4.5,255399,想你时你在闹海。
射雕英雄传之东成西就,射鵰英雄傳之東成西就,https://movie.douban.com/subject/1316510/,刘镇伟JeffreyLau,梁朝伟TonyLeungChiuWai,1993,中国香港,喜剧奇幻武侠古装,8.7,4.0,628901,百看不厌。 
喜宴,囍宴,https://movie.douban.com/subject/1303037/,李安AngLee,赵文瑄WinstonChao,1993,中国台湾美国,剧情喜剧爱情同性家庭,9.0,4.5,356497,中国家庭的喜怒哀乐忍。
头号玩家,Ready Player One,https://movie.douban.com/subject/4920389/,史蒂文·斯皮尔伯格StevenSpielberg,泰伊·谢里丹TyeSheri,2018,美国,动作科幻冒险,8.7,4.0,1351444,写给影迷，动漫迷和游戏迷的一封情书。
模仿游戏,The Imitation Game,https://movie.douban.com/subject/10463953/,莫滕·泰杜姆MortenTyldum,本尼迪克特·康伯巴奇BenedictC,2014,英国美国,剧情传记战争同性,8.8,4.0,638085,他给机器起名“克里斯托弗”，因为这是他初恋的名字。
阳光姐妹淘,써니,https://movie.douban.com/subject/4917726/,姜炯哲Hyeong-CheolKang,沈恩京Eun-kyungShim,2011,韩国,剧情喜剧,8.8,4.0,585518,再多各自牛逼的时光，也比不上一起傻逼的岁月。 
我是山姆,I Am Sam,https://movie.douban.com/subject/1306861/,杰茜·尼尔森JessieNelson,SeanPenn,2001,美国,剧情家庭,9.0,4.5,333601,爱并不需要智商 。
茶馆,The Teahouse,https://movie.douban.com/subject/1461403/,谢添TianXie,于是之ShizhiYu,1982(中国大陆),中国大陆,剧情历史,9.6,4.5,139781,无
九品芝麻官,九品芝麻官之白面包青天,https://movie.douban.com/subject/1297518/,王晶JingWong,周星驰StephenChow,1994,中国香港中国大陆,剧情喜剧古装,8.7,4.0,666014,无
花样年华,花樣年華,https://movie.douban.com/subject/1291557/,王家卫KarWaiWong,梁朝伟TonyLeungChiuWai,2000,中国香港,剧情爱情,8.7,4.0,598119,偷情本没有这样美。
恐怖直播,더 테러 라이브,https://movie.douban.com/subject/21360417/,金秉祐Byeong-wooKim,河正宇Jung-wooHa,2013,韩国,剧情犯罪悬疑,8.7,4.0,643846,恐怖分子的“秋菊打官司”。
血战钢锯岭,Hacksaw Ridge,https://movie.douban.com/subject/26325320/,梅尔·吉布森MelGibson,安德鲁·加菲尔德AndrewGarfield,2016,澳大利亚美国,剧情传记历史战争,8.7,4.0,774823,优秀的战争片不会美化战场，不会粉饰死亡，不会矮化敌人，不会无视常识，最重要的，不会宣扬战争。
色，戒,色|戒,https://movie.douban.com/subject/1828115/,李安AngLee,梁朝伟TonyLeungChiuWai,2007,中国台湾中国大陆美国中国香港,剧情爱情情色,8.7,4.0,792302,假戏真情，爱欲深海
七武士,七人の侍,https://movie.douban.com/subject/1295399/,黑泽明AkiraKurosawa,三船敏郎ToshirôMifune,1954,日本,动作冒险剧情,9.3,4.5,195041,时代悲歌。
头脑特工队,Inside Out,https://movie.douban.com/subject/10533913/,彼特·道格特PeteDocter/罗纳尔多·德尔·卡门RonaldoDelCarmen&nb...+2015/美国/喜剧动画冒险,无,2015,美国,喜剧动画冒险,8.8,4.0,601920,愿我们都不用长大，每一座城堡都能永远存在。
惊魂记,Psycho,https://movie.douban.com/subject/1293181/,阿尔弗雷德·希区柯克AlfredHitchcock,安东尼·博金斯Antho,1960,美国,悬疑惊悚恐怖,9.0,4.5,287852,故事的反转与反转，分裂电影的始祖。
黑客帝国3：矩阵革命,The Matrix Revolutions,https://movie.douban.com/subject/1302467/,拉娜·沃卓斯基LanaWachowski/莉莉·沃卓斯基LillyWachowski...+2003/美国/动作科幻,无,2003,美国,动作科幻,8.8,4.0,441523,不得不说，《黑客帝国》系列是商业片与科幻、哲学完美结合的典范。
你的名字。,君の名は。,https://movie.douban.com/subject/26683290/,新海诚MakotoShinkai,神木隆之介RyûnosukeKamiki,2016,日本,剧情爱情动画,8.5,4.0,1389180,穿越错位的时空，仰望陨落的星辰，你没留下你的名字，我却无法忘记那句“我爱你”。
电锯惊魂,Saw,https://movie.douban.com/subject/1417598/,詹姆斯·温JamesWan,雷·沃纳尔LeighWhannell,2004,美国,悬疑惊悚恐怖,8.8,4.0,524493,真相就在眼前。
三块广告牌,"Three Billboards Outside Ebbing, Missouri",https://movie.douban.com/subject/26611804/,马丁·麦克唐纳MartinMcDonagh,弗兰西斯·麦克多蒙德France,2017,英国美国,剧情犯罪,8.7,4.0,811161,怼天怼地，你走后，她与世界为敌。
达拉斯买家俱乐部,Dallas Buyers Club,https://movie.douban.com/subject/1793929/,让-马克·瓦雷Jean-MarcVallée,马修·麦康纳MatthewMcCon,2013,美国,剧情传记同性,8.8,4.0,446968,Jared Leto的腿比女人还美！
疯狂原始人,The Croods,https://movie.douban.com/subject/1907966/,科克·德·米科KirkDeMicco/克里斯·桑德斯ChrisSanders,无,2013,美国,喜剧动画冒险,8.7,4.0,828576,老少皆宜，这就是好莱坞动画的魅力。
心迷宫,殡棺,https://movie.douban.com/subject/25917973/,忻钰坤YukunXin,霍卫民WeiminHuo,2014,中国大陆,剧情犯罪悬疑,8.7,4.0,513002,荒诞讽刺，千奇百巧，抽丝剥茧，百转千回。
谍影重重3,The Bourne Ultimatum,https://movie.douban.com/subject/1578507/,保罗·格林格拉斯PaulGreengrass,马特·达蒙MattDamon,2007,美国德国法国英国,动作悬疑惊悚,8.8,4.0,412722,像吃了苏打饼一样干脆的电影。
上帝之城,Cidade de Deus,https://movie.douban.com/subject/1292208/,费尔南多·梅里尔斯FernandoMeirelles/卡迪亚·兰德KátiaLund&nbsp...+2002/巴西法国/犯罪剧情,无,2002,巴西法国,犯罪剧情,9.0,4.5,298411,被上帝抛弃了的上帝之城。
英雄本色,A Better Tomorrow,https://movie.douban.com/subject/1297574/,吴宇森JohnWoo,周润发Yun-FatChow,1986,中国香港,剧情动作犯罪,8.6,4.0,532478,英雄泪短，兄弟情长。 
卢旺达饭店,Hotel Rwanda,https://movie.douban.com/subject/1291822/,特瑞·乔治TerryGeorge,唐·钱德尔DonCheadle,2004,英国南非意大利美国,剧情传记历史战争,8.9,4.0,325622,当这个世界闭上双眼，他却敞开了怀抱。
纵横四海,緃横四海,https://movie.douban.com/subject/1295409/,吴宇森JohnWoo,周润发Yun-FatChow,1991,中国香港,剧情喜剧动作犯罪,8.8,4.0,419521,香港浪漫主义警匪动作片的巅峰之作。
风之谷,風の谷のナウシカ,https://movie.douban.com/subject/1291585/,宫崎骏HayaoMiyazaki,岛本须美SumiShimamoto,1984,日本,动画奇幻冒险,8.9,4.0,350336,动画片的圣经。
海街日记,海街diary,https://movie.douban.com/subject/25895901/,是枝裕和HirokazuKoreeda,绫濑遥HarukaAyase,2015,日本,剧情家庭,8.8,4.0,441594,是枝裕和的家庭习作。
爱在午夜降临前,Before Midnight,https://movie.douban.com/subject/10808442/,理查德·林克莱特RichardLinklater,伊桑·霍克EthanHawke,2013,美国希腊,剧情爱情,8.9,4.0,395471,所谓爱情，就是话唠一路，都不会心生腻烦，彼此嫌弃。
绿里奇迹,The Green Mile,https://movie.douban.com/subject/1300374/,弗兰克·德拉邦特FrankDarabont,汤姆·汉克斯TomHanks,1999,美国,犯罪剧情奇幻悬疑,8.9,4.0,324374,天使暂时离开。
记忆碎片,Memento,https://movie.douban.com/subject/1304447/,克里斯托弗·诺兰ChristopherNolan,盖·皮尔斯GuyPearce,2000,美国,犯罪剧情悬疑惊悚,8.7,4.0,593269,一个针管引发的血案。
岁月神偷,歲月神偷,https://movie.douban.com/subject/3792799/,罗启锐AlexLaw,吴君如SandraNg,2010,中国香港中国大陆,剧情家庭,8.7,4.0,569506,岁月流逝，来日可追。
忠犬八公物语,ハチ公物語,https://movie.douban.com/subject/1959195/,神山征二郎SeijirôKôyama,仲代达矢TatsuyaNakadai,1987,日本,剧情,9.2,4.5,193261,养狗三日，便会对你终其一生。
疯狂的石头,Crazy Stone,https://movie.douban.com/subject/1862151/,宁浩HaoNing,郭涛TaoGuo,2006,中国大陆中国香港,喜剧犯罪,8.6,4.0,809531,中国版《两杆大烟枪》。
荒蛮故事,Relatos salvajes,https://movie.douban.com/subject/24750126/,达米安·斯兹弗隆DamiánSzifron,达里奥·葛兰帝内提Darío,2014,阿根廷西班牙,剧情喜剧犯罪,8.8,4.0,437953,始于荒诞，止于更荒诞。
雨中曲,Singin' in the Rain,https://movie.douban.com/subject/1293460/,斯坦利·多南StanleyDonen/吉恩·凯利GeneKelly,吉恩·,1952,美国,喜剧歌舞爱情,9.1,4.5,221303,骨灰级歌舞片。
小偷家族,万引き家族,https://movie.douban.com/subject/27622447/,是枝裕和HirokazuKoreeda,中川雅也LilyFranky,2018,日本,剧情犯罪家庭,8.7,4.0,803939,我们组成了家。
2001太空漫游,2001: A Space Odyssey,https://movie.douban.com/subject/1292226/,斯坦利·库布里克StanleyKubrick,凯尔·杜拉KeirDullea,1968,英国美国,科幻惊悚冒险,8.9,4.0,321700,现代科幻电影的开山之作，最伟大导演的最伟大影片。
爆裂鼓手,Whiplash,https://movie.douban.com/subject/25773932/,达米恩·查泽雷DamienChazelle,迈尔斯·特勒MilesTeller,2014,美国,剧情音乐,8.7,4.0,580220,这个世界从不善待努力的人，努力了也不一定会成功，但是知道自己在努力，就是活下去的动力。
小丑,Joker,https://movie.douban.com/subject/27119724/,托德·菲利普斯ToddPhillips,杰昆·菲尼克斯JoaquinPhoeni,2019,美国加拿大,剧情犯罪惊悚,8.7,4.0,991744,无
背靠背，脸对脸,背对背，脸对脸,https://movie.douban.com/subject/1307856/,黄建新JianxinHuang/杨亚洲YazhouYang,牛振华ZhenhuaN,1994,中国大陆中国香港,剧情,9.5,4.5,129083,无
无敌破坏王,Wreck-It Ralph,https://movie.douban.com/subject/6534248/,瑞奇·莫尔RichMoore,约翰·C·赖利JohnC.Reilly,2012,美国,喜剧动画奇幻冒险,8.7,4.0,529666,迪士尼和皮克斯拿错剧本的产物。
无间道2,無間道II,https://movie.douban.com/subject/1307106/,刘伟强/麦兆辉,陈冠希EdisonChen,2003,中国香港,剧情犯罪惊悚,8.7,4.0,469934,无
贫民窟的百万富翁,Slumdog Millionaire,https://movie.douban.com/subject/2209573/,丹尼·鲍尔DannyBoyle/洛芙琳·坦丹LoveleenTandan,戴夫,2008,英国,剧情爱情,8.6,4.0,737395,上帝之城+猜火车+阿甘正传+开心辞典=山寨富翁
冰川时代,Ice Age,https://movie.douban.com/subject/1291578/,卡洛斯·沙尔丹哈CarlosSaldanha/克里斯·韦奇ChrisWedge,无,2002,美国,喜剧动画冒险,8.6,4.0,604831,松鼠才是角儿。
东邪西毒,東邪西毒,https://movie.douban.com/subject/1292328/,王家卫KarWaiWong,张国荣LeslieCheung,1994,中国香港中国台湾,剧情动作爱情武侠古装,8.6,4.0,570403,电影诗。
心灵奇旅,Soul,https://movie.douban.com/subject/24733428/,彼特·道格特PeteDocter/凯普·鲍尔斯KempPowers,杰米·,2020,美国,动画奇幻音乐,8.7,4.0,963158,无
恐怖游轮,Triangle,https://movie.douban.com/subject/3011051/,克里斯托弗·史密斯ChristopherSmith,梅利莎·乔治Melissa,2009,英国澳大利亚,剧情悬疑惊悚,8.5,4.0,848453,不要企图在重复中寻找已经失去的爱。
牯岭街少年杀人事件,牯嶺街少年殺人事件,https://movie.douban.com/subject/1292329/,杨德昌EdwardYang,张震ChenChang,1991,中国台湾,剧情犯罪,8.9,4.0,294240,弱者送给弱者的一刀。
遗愿清单,The Bucket List,https://movie.douban.com/subject/1867345/,罗伯·莱纳RobReiner,杰克·尼科尔森JackNicholson,2007,美国,冒险喜剧剧情,8.7,4.0,453114,用剩余不多的时间，去燃烧整个生命。
魔女宅急便,魔女の宅急便,https://movie.douban.com/subject/1307811/,宫崎骏HayaoMiyazaki,高山南MinamiTakayama,1989,日本,动画奇幻冒险,8.7,4.0,452847,宫崎骏的电影总让人感觉世界是美好的，阳光明媚的。
真爱至上,Love Actually,https://movie.douban.com/subject/1292401/,理查德·柯蒂斯RichardCurtis,休·格兰特HughGrant,2003,英国美国法国,喜剧剧情爱情,8.6,4.0,724984,爱，是个动词。
你看起来好像很好吃,おまえうまそうだな,https://movie.douban.com/subject/4848115/,藤森雅也MasayaFujimori,山口胜平KappeiYamaguchi,2010,日本,剧情动画儿童,8.9,4.0,328945,感情不分食草或者食肉。
东京教父,東京ゴッドファーザーズ,https://movie.douban.com/subject/1310177/,今敏SatoshiKon,江守彻ToruEmori,2003,日本,剧情喜剧动画,9.0,4.5,224936,无
大佛普拉斯,The Great Buddha+,https://movie.douban.com/subject/27059130/,黄信尧Hsin-yaoHuang,庄益增YizengZhuang,2017,中国台湾,剧情喜剧,8.7,4.0,447249,人们可以登上月球，却永远无法探索人们内心的宇宙。
黑天鹅,Black Swan,https://movie.douban.com/subject/1978709/,达伦·阿罗诺夫斯基DarrenAronofsky,娜塔莉·波特曼Natalie,2010,美国,剧情惊悚,8.6,4.0,772078,黑暗之美。
可可西里,Kekexili: Mountain Patrol,https://movie.douban.com/subject/1308857/,陆川ChuanLu,多布杰Duobujie,2004,中国大陆中国香港,剧情犯罪,8.9,4.0,299357,坚硬的信仰。
城市之光,City Lights,https://movie.douban.com/subject/1293908/,CharlesChaplin,查理·卓别林CharlesChaplin,1931,美国,喜剧剧情爱情,9.3,4.5,143746,永远的小人物，伟大的卓别林。
源代码,Source Code,https://movie.douban.com/subject/3075287/,邓肯·琼斯DuncanJones,杰克·吉伦哈尔JakeGyllenhaal,2011,美国加拿大,科幻悬疑惊悚,8.5,4.0,824597,邓肯·琼斯继《月球》之后再度奉献出一部精彩绝伦的科幻佳作。
雨人,Rain Man,https://movie.douban.com/subject/1291870/,巴瑞·莱文森BarryLevinson,达斯汀·霍夫曼DustinHoffman,1988,美国,剧情,8.7,4.0,399040,生活在自己的世界里，也可以让周围的人显得可笑和渺小。
恋恋笔记本,The Notebook,https://movie.douban.com/subject/1309163/,尼克·卡索维茨NickCassavetes,瑞恩·高斯林RyanGosling,2004,美国,剧情爱情,8.5,4.0,661417,爱情没有那么多借口，如果不能圆满，只能说明爱的不够。 
海边的曼彻斯特,Manchester by the Sea,https://movie.douban.com/subject/25980443/,肯尼斯·罗纳根KennethLonergan,卡西·阿弗莱克CaseyAffle,2016,美国,剧情家庭,8.6,4.0,527298,我们都有权利不与自己的过去和解。
初恋这件小事,สิ่งเล็กเล็กที่เรียกว่า...รัก,https://movie.douban.com/subject/4739952/,普特鹏·普罗萨卡·那·萨克那卡林PuttipongPromsakaNaSakolnakorn/华森·波克彭...+2010/泰国/剧情喜剧爱情,无,2010,泰国,剧情喜剧爱情,8.5,4.0,971695,黑小鸭速效美白记。
人工智能,Artificial Intelligence: AI,https://movie.douban.com/subject/1302827/,史蒂文·斯皮尔伯格StevenSpielberg,海利·乔·奥斯蒙Haley,2001,美国英国,剧情科幻,8.7,4.0,439347,对爱的执着，可以超越一切。
波西米亚狂想曲,Bohemian Rhapsody,https://movie.douban.com/subject/5300054/,布莱恩·辛格BryanSinger,拉米·马雷克RamiMalek,2018,英国美国,剧情传记同性音乐,8.6,4.0,595059,无
虎口脱险,La grande vadrouille,https://movie.douban.com/subject/1296909/,杰拉尔·乌里GérardOury,路易·德·菲耐斯LouisdeFunès,1966,法国英国,喜剧战争,8.9,4.0,253126,永远看不腻的喜剧。
青蛇,Green Snake,https://movie.douban.com/subject/1303394/,徐克HarkTsui,张曼玉MaggieCheung,1993,中国香港中国大陆,剧情爱情奇幻古装,8.6,4.0,518815,人生如此，浮生如斯。谁人言，花彼岸，此生情长意短。谁都是不懂爱的罢了。
终结者2：审判日,Terminator 2: Judgment Day,https://movie.douban.com/subject/1291844/,詹姆斯·卡梅隆JamesCameron,阿诺·施瓦辛格ArnoldSchwarz,1991,美国法国,动作科幻,8.8,4.0,337467,少见的超越首部的续集，动作片中的经典。
罗生门,羅生門,https://movie.douban.com/subject/1291879/,黑泽明AkiraKurosawa,三船敏郎ToshirôMifune,1950,日本,剧情犯罪悬疑,8.8,4.0,309894,人生的N种可能性。
疯狂的麦克斯4：狂暴之路,Mad Max: Fury Road,https://movie.douban.com/subject/3592854/,乔治·米勒GeorgeMiller,汤姆·哈迪TomHardy,2015,澳大利亚美国,动作科幻冒险,8.7,4.0,521704,“多么美好的一天！”轰轰轰砰咚，啪哒哒哒轰隆隆，磅~
萤火虫之墓,火垂るの墓,https://movie.douban.com/subject/1293318/,高畑勋IsaoTakahata,辰己努,1988,日本,动画剧情战争,8.7,4.0,401069,幸福是生生不息，却难以触及的远。 
新龙门客栈,新龍門客棧,https://movie.douban.com/subject/1292287/,李惠民RaymondLee,张曼玉MaggieCheung,1992,中国香港中国大陆,动作爱情武侠古装,8.7,4.0,437757,嬉笑怒骂，调风动月。
千钧一发,Gattaca,https://movie.douban.com/subject/1300117/,安德鲁·尼科尔AndrewNiccol,伊桑·霍克EthanHawke,1997,美国,剧情科幻惊悚,8.8,4.0,292885,一部能引人思考的科幻励志片。
无耻混蛋,Inglourious Basterds,https://movie.douban.com/subject/1438652/,昆汀·塔伦蒂诺QuentinTarantino,布拉德·皮特BradPitt,2009,德国美国,剧情犯罪,8.6,4.0,469754,昆汀同学越来越变态了，比北野武还杜琪峰。
崖上的波妞,崖の上のポニョ,https://movie.douban.com/subject/1959877/,宫崎骏HayaoMiyazaki,奈良柚莉爱YuriaNara,2008,日本,动画奇幻冒险,8.6,4.0,487621,无
末路狂花,Thelma & Louise,https://movie.douban.com/subject/1291992/,雷德利·斯科特RidleyScott,吉娜·戴维斯GeenaDavis,1991,美国英国法国,犯罪剧情惊悚,8.9,4.0,248055,没有了退路，只好飞向自由。
奇迹男孩,Wonder,https://movie.douban.com/subject/26787574/,斯蒂芬·卓博斯基StephenChbosky,雅各布·特伦布莱JacobTr,2017,美国中国香港,剧情儿童家庭,8.6,4.0,545739,世界不完美，爱会有奇迹。
彗星来的那一夜,Coherence,https://movie.douban.com/subject/25807345/,詹姆斯·沃德·布柯特JamesWardByrkit,艾米丽·芭尔多尼Em,2013,美国英国,科幻悬疑惊悚,8.6,4.0,569153,小成本大魅力。
二十二,Twenty Two,https://movie.douban.com/subject/26430107/,郭柯KeGuo,+2015,2015,中国大陆,纪录片,8.7,4.0,288742,有一些东西不应该被遗忘。
黑客帝国2：重装上阵,The Matrix Reloaded,https://movie.douban.com/subject/1304141/,拉娜·沃卓斯基LanaWachowski/莉莉·沃卓斯基LillyWachowski...+2003/美国/动作科幻,无,2003,美国,动作科幻,8.7,4.0,400994,一个精彩的世界观正在缓缓建立。
花束般的恋爱,花束みたいな恋をした,https://movie.douban.com/subject/34874432/,土井裕泰NobuhiroDoi,菅田将晖MasakiSuda,2021,日本,剧情爱情,8.6,4.0,602608,无
爱乐之城,La La Land,https://movie.douban.com/subject/25934014/,达米恩·查泽雷DamienChazelle,瑞恩·高斯林RyanGosling,2016,美国,剧情爱情歌舞,8.4,4.0,880748,无
血钻,Blood Diamond,https://movie.douban.com/subject/1428175/,爱德华·兹威克EdwardZwick,莱昂纳多·迪卡普里奥Leonardo,2006,美国德国英国,剧情惊悚冒险,8.7,4.0,374922,每个美丽事物背后都是滴血的现实。
房间,Room,https://movie.douban.com/subject/25724855/,伦尼·阿伯拉罕森LennyAbrahamson,布丽·拉尔森BrieLarson,2015,爱尔兰加拿大英国美国,剧情家庭,8.8,4.0,364639,被偷走的岁月，被伤害的生命，被禁锢的灵魂，终将被希望和善意救赎。
战争之王,Lord of War,https://movie.douban.com/subject/1419936/,安德鲁·尼科尔AndrewNiccol,尼古拉斯·凯奇NicolasCage,2005,法国德国美国,剧情犯罪,8.7,4.0,363383,做一颗让别人需要你的棋子。
步履不停,歩いても 歩いても,https://movie.douban.com/subject/2222996/,是枝裕和HirokazuKoreeda,阿部宽HiroshiAbe,2008,日本,剧情家庭,8.8,4.0,275519,日本的家庭电影已经是世界巅峰了，步履不停是巅峰中的佳作。
魂断蓝桥,Waterloo Bridge,https://movie.douban.com/subject/1293964/,茂文·勒鲁瓦MervynLeRoy,费雯·丽VivienLeigh,1940,美国,剧情爱情战争,8.8,4.0,274767,中国式内在的美国电影。
芙蓉镇,Hibiscus Town,https://movie.douban.com/subject/1297880/,谢晋JinXie,刘晓庆XiaoqingLiu,1987,中国大陆,剧情爱情,9.3,4.5,132240,无
火星救援,The Martian,https://movie.douban.com/subject/25864085/,雷德利·斯科特RidleyScott,马特·达蒙MattDamon,2015,英国美国匈牙利约旦,剧情科幻冒险,8.5,4.0,715709,无
哈利·波特与死亡圣器(上),Harry Potter and the Deathly Hallows: Part 1,https://movie.douban.com/subject/2051007/,大卫·叶茨DavidYates,丹尼尔·雷德克里夫DanielRadcliffe,2010,英国美国,奇幻冒险,8.5,4.0,562646,最忠于原著的一部。
千年女优,千年女優,https://movie.douban.com/subject/1307394/,今敏SatoshiKon,庄司美代子MiyokoShôji,2001,日本,动画剧情爱情,8.8,4.0,261938,爱情是一场没有尽头的虚幻追逐。
谍影重重2,The Bourne Supremacy,https://movie.douban.com/subject/1308767/,保罗·格林格拉斯PaulGreengrass,马特·达蒙MattDamon,2004,美国德国,动作悬疑惊悚,8.7,4.0,347313,谁说王家卫镜头很晃？
阿飞正传,阿飛正傳,https://movie.douban.com/subject/1305690/,王家卫KarWaiWong,张国荣LeslieCheung,1990,中国香港,犯罪剧情爱情,8.5,4.0,504475,王家卫是一种风格，张国荣是一个代表。
弱点,The Blind Side,https://movie.douban.com/subject/3552028/,约翰·李·汉考克JohnLeeHancock,桑德拉·布洛克SandraBu,2009,美国,剧情家庭传记运动,8.7,4.0,302338,拍掉身上的悲伤，从今天开始重新踏上追梦之旅。
燃情岁月,Legends of the Fall,https://movie.douban.com/subject/1295865/,爱德华·兹威克EdwardZwick,布拉德·皮特BradPitt,1994,美国,剧情爱情战争西部,8.8,4.0,282923,传奇，不是每个人都可以拥有。
谍影重重,The Bourne Identity,https://movie.douban.com/subject/1304102/,道格·里曼DougLiman,马特·达蒙MattDamon,2002,美国德国捷克,动作悬疑惊悚,8.6,4.0,419646,哗啦啦啦啦，天在下雨，哗啦啦啦啦，云在哭泣……找自己。
朗读者,The Reader,https://movie.douban.com/subject/2213597/,史蒂芬·戴德利StephenDaldry,凯特·温丝莱特KateWinslet,2008,美国德国,剧情爱情,8.6,4.0,449350,当爱情跨越年龄的界限，它似乎能变得更久远一点，成为一种责任，一种水到渠成的相濡以沫。 
再次出发之纽约遇见你,Begin Again,https://movie.douban.com/subject/6874403/,约翰·卡尼JohnCarney,凯拉·奈特莉KeiraKnightley,2013,美国,喜剧爱情音乐,8.6,4.0,421885,爱我就给我看你的播放列表。
哈利·波特与凤凰社,Harry Potter and the Order of the Phoenix,https://movie.douban.com/subject/1457217/,大卫·叶茨DavidYates,丹尼尔·雷德克里夫DanielRadcliffe,2007,英国美国,奇幻冒险,8.5,4.0,555141,无
白日梦想家,The Secret Life of Walter Mitty,https://movie.douban.com/subject/2133323/,本·斯蒂勒BenStiller,本·斯蒂勒BenStiller,2013,美国英国,剧情喜剧冒险,8.6,4.0,460857,无
香水,Perfume: The Story of a Murderer,https://movie.douban.com/subject/1760622/,汤姆·提克威TomTykwer,本·卫肖BenWhishaw,2006,德国法国西班牙美国比利时,剧情犯罪奇幻,8.5,4.0,538313,一个单凭体香达到高潮的男人。
穿越时空的少女,時をかける少女,https://movie.douban.com/subject/1937946/,细田守MamoruHosoda,仲里依纱RiisaNaka,2006,日本,剧情爱情科幻动画,8.6,4.0,377462,爱上未来的你。 
海洋,Océans,https://movie.douban.com/subject/3443389/,雅克·贝汉JacquesPerrin/雅克·克鲁奥德JacquesCluzaud,,2009,法国瑞士西班牙美国阿联酋摩纳哥,纪录片,9.1,4.5,155387,大海啊，不全是水。
